GROUP-ID,UID,GROUP-TYPE,GROUP-NAME,LEAD-RSC-NAME,NUM-SCHLS,NUM-PUPS,APS,PERC-DISADV,PERC-SEN,PERC-EAL,NUM-SCHLS-PROG-TOTAL,NUM-SCHLS-PROG-CONVTR,NUM-SCHLS-PROG-SPONSRD,NUM-SCHLS-PROG-FREE-UTC-STUD,NUM-SCHLS-PROG-OPEN-1-YRS,NUM-SCHLS-PROG-OPEN-2-YRS,NUM-SCHLS-PROG-OPEN-3-YRS,NUM-SCHLS-PROG-OPEN-4-YRS,NUM-SCHLS-PROG-OPEN-5PLUS-YRS,MAT-PROG-READ-DESC,MAT-PROG-READ-SCORE,MAT-PROG-READ-CI-LOWER,MAT-PROG-READ-CI-UPPER,MAT-DIS-PROG-READ-DESC,MAT-DIS-PROG-READ-SCORE,MAT-DIS-PROG-READ-CI-LOWER,MAT-DIS-PROG-READ-CI-UPPER,MAT-PROG-WRITE-DESC,MAT-PROG-WRITE-SCORE,MAT-PROG-WRITE-CI-LOWER,MAT-PROG-WRITE-CI-UPPER,MAT-DIS-PROG-WRITE-DESC,MAT-DIS-PROG-WRITE-SCORE,MAT-DIS-PROG-WRITE-CI-LOWER,MAT-DIS-PROG-WRITE-CI-UPPER,MAT-PROG-MATH-DESC,MAT-PROG-MATH-SCORE,MAT-PROG-MATH-CI-LOWER,MAT-PROG-MATH-CI-UPPER,MAT-DIS-PROG-MATH-DESC,MAT-DIS-PROG-MATH-SCORE,MAT-DIS-PROG-MATH-CI-LOWER,MAT-DIS-PROG-MATH-CI-UPPER,SCHOOL-URNS
SP00003,2054,School sponsor,Academies Enterprise Trust (AET),National Lead,32,1327,15.4,49.8,2.3,35.8,32,7,25,0,0,0,0,15,17,Significantly below average,-0.6,-1,-0.3,Close to average,-0.7,-1.2,-0.2,Significantly above average,0.9,0.6,1.3,Significantly above average,1,0.5,1.5,Significantly above average,0.7,0.4,1,Significantly above average,0.6,0.1,1,137378;137381;137405;138072;138074;138117;138369;138410;138440;138588;138589;138674;138677;138678;138679;138782;138786;138854;138864;138867;138973;138982;139003;139004;139005;139006;139131;139132;139207;139476;139868;139885
TR00015,2062,Multi-academy trust,Academy Transformation Trust,East of England and North East London,8,289,14.8,41.5,1.4,23.9,8,1,7,0,0,0,0,6,2,Significantly below average,-2,-2.7,-1.3,Close to average,-1.5,-2.7,-0.3,Significantly below average,-1.3,-2,-0.5,Close to average,-0.8,-1.9,0.4,Significantly below average,-2.6,-3.3,-2,Significantly below average,-2.1,-3.2,-0.9,138419;138540;138919;138996;139058;139226;139575;139641
TR00024,2075,Multi-academy trust,The Active Learning Trust Limited,East of England and North East London,8,452,14.9,37.4,2.9,9.5,8,1,7,0,0,0,5,3,0,Significantly below average,-1,-1.5,-0.4,Close to average,-1.4,-2.5,-0.4,Close to average,0.2,-0.4,0.7,Close to average,-0.5,-1.5,0.5,Significantly below average,-0.6,-1.1,0,Close to average,-0.9,-1.8,0.1,139803;139804;139843;140573;140822;140823;140887;140888
TR02658,2081,Multi-academy trust,Adventure Learning Academy Trust,South West,3,87,16,29.9,2.3,0,3,0,3,0,0,0,3,0,0,Close to average,-0.8,-2.1,0.5,Close to average,-1.7,-4.3,0.8,Close to average,0.3,-1,1.5,Close to average,0.3,-2.2,2.8,Significantly below average,-1.9,-3.1,-0.7,Close to average,-1.1,-3.5,1.2,140837;140838;140839
TR00081,2157,Multi-academy trust,ARK Schools,National Lead,14,701,15.4,55.8,2.4,48.4,14,1,13,0,0,0,3,4,7,Close to average,-0.1,-0.6,0.3,Close to average,-0.5,-1.2,0.2,Close to average,0.3,-0.1,0.8,Close to average,-0.2,-0.9,0.4,Significantly above average,1,0.6,1.5,Significantly above average,0.2,-0.4,0.8,135242;135584;135600;137114;138371;138397;138680;139645;139713;139820;139830;141020;141021;141022
SP00192,2184,School sponsor,Askel Veur - Diocese of Truro,South West,5,71,14.8,42.3,0,5.6,5,1,4,0,0,0,5,0,0,Significantly below average,-2.1,-3.5,-0.6,Close to average,-2.8,-5.2,-0.3,Close to average,-0.8,-2.2,0.6,Close to average,-2.3,-4.6,0.1,Significantly below average,-4.3,-5.6,-3,Significantly below average,-4.7,-6.9,-2.5,140232;140334;140342;140347;140477;139089;139090;139091;139092;139093;140466;140467;140468;140469
TR00103,2186,Multi-academy trust,Aspirations Academies Trust,North West London and South Central,4,265,17,37.4,0.8,42.3,4,2,2,0,0,0,2,1,1,Significantly below average,-0.9,-1.7,-0.1,Close to average,-1.2,-2.5,0.2,Close to average,0.8,0,1.5,Close to average,0.3,-1,1.6,Close to average,0.3,-0.4,1,Close to average,0.1,-1.1,1.3,138501;139298;140158;140718
TR02430,2189,Multi-academy trust,Aspire Academies Trust,North West London and South Central,3,174,15,27,1.7,17.2,3,2,1,0,0,0,0,0,3,Close to average,0.7,-0.2,1.7,Close to average,-1,-2.9,0.9,Significantly above average,1.3,0.4,2.2,Close to average,0.8,-1,2.7,Significantly above average,1.2,0.3,2,Close to average,-1,-2.7,0.8,136857;137238;138507
TR00579,2192,Multi-academy trust,ASPIRE Academy Trust,South West,8,204,16.3,21.1,0.5,2.9,8,7,1,0,0,0,3,4,1,Significantly above average,1.5,0.6,2.4,Close to average,0.5,-1.5,2.5,Significantly above average,1.4,0.5,2.2,Close to average,1.3,-0.7,3.3,Close to average,0.6,-0.1,1.4,Close to average,-0.1,-2,1.7,136318;136597;137076;137183;138963;140318;140897;141283
TR00111,2206,Multi-academy trust,Aurora Academies Trust,South East and South London,4,219,14.4,49.3,0.5,10.5,4,0,4,0,0,0,0,0,4,Close to average,-0.1,-0.9,0.7,Close to average,-0.7,-2,0.6,Close to average,-0.1,-0.9,0.7,Close to average,-0.2,-1.5,1,Close to average,0,-0.7,0.8,Close to average,-0.1,-1.3,1.1,138390;138391;138392;138400
TR00139,3072,Multi-academy trust,Eynsham Partnership Academy,North West London and South Central,6,128,17,14.8,1.6,2.3,6,5,1,0,0,0,6,0,0,Close to average,0.6,-0.5,1.7,Close to average,1.4,-1.7,4.6,Close to average,0.5,-0.6,1.5,Close to average,0.7,-2.4,3.8,Close to average,-0.4,-1.4,0.6,Close to average,-2.3,-5.2,0.6,140827;140871;140915;140916;140983;141053
SP00042,2283,School sponsor,Belgrave St Bartholomew's Academy,West Midlands,3,133,14.5,48.1,0.8,21.8,3,0,3,0,0,0,3,0,0,Close to average,-0.7,-1.8,0.4,Close to average,-1.7,-3.3,0,Close to average,0.6,-0.4,1.7,Close to average,-0.4,-2,1.2,Close to average,0.4,-0.6,1.4,Close to average,-0.9,-2.4,0.6,139910;140175;140562
TR00214,2332,Multi-academy trust,The Bishop Konstant Catholic Academy Trust,Lancashire and West Yorkshire,7,170,16.4,14.7,2.4,5.9,7,6,1,0,0,0,1,6,0,Significantly above average,1.5,0.5,2.4,Close to average,0.8,-1.8,3.5,Close to average,0.4,-0.5,1.3,Close to average,-0.4,-3,2.2,Close to average,0.3,-0.6,1.1,Close to average,0.5,-1.9,3,138941;138945;138946;138947;138949;138958;140558
TR00231,2348,Multi-academy trust,Blackbird Academy Trust,North West London and South Central,3,142,14.3,59.2,3.5,29.6,3,1,2,0,0,0,0,3,0,Close to average,-0.8,-1.8,0.3,Close to average,-0.6,-2.1,0.8,Close to average,0.9,-0.1,1.9,Close to average,1.1,-0.3,2.5,Significantly below average,-2,-2.9,-1,Significantly below average,-1.9,-3.3,-0.6,139256;139257;139985
TR00233,2350,Multi-academy trust,Blackpool Multi Academy Trust,Lancashire and West Yorkshire,3,202,14.5,52,1.5,6.4,3,2,1,0,0,0,1,2,0,Close to average,-0.8,-1.7,0.1,Close to average,-0.2,-1.5,1,Close to average,-0.5,-1.3,0.3,Close to average,-0.3,-1.6,1,Close to average,0.4,-0.4,1.2,Close to average,0.1,-1,1.3,140124;140128;140673
TR02682,2351,Multi-academy trust,Blandford Education Trust,South West,3,100,15.9,32,3,1,3,3,0,0,0,0,3,0,0,Significantly above average,3.2,2,4.4,Significantly above average,3.3,0.9,5.6,Close to average,1.1,-0.1,2.3,Close to average,0.3,-2,2.6,Significantly above average,2,0.9,3.1,Significantly above average,3.3,1.2,5.5,141043;141046;141061
TR00263,2386,Multi-academy trust,Bourne Education Trust,South East and South London,3,97,14,38.1,9.3,24.7,3,1,2,0,0,0,3,0,0,Significantly above average,2.8,1.5,4.1,Significantly above average,4.9,2.7,7.2,Significantly above average,4.2,2.9,5.4,Significantly above average,4.6,2.4,6.8,Significantly above average,3.7,2.6,4.9,Significantly above average,3.8,1.8,5.9,139951;140509;140860
TR00278,2408,Multi-academy trust,Bradford Diocesan Academies Trust,Lancashire and West Yorkshire,3,112,14.1,51.8,2.7,61.6,3,0,3,0,0,0,1,2,0,Significantly below average,-1.5,-2.6,-0.3,Significantly below average,-2.5,-4.2,-0.7,Close to average,0.6,-0.5,1.7,Close to average,-0.3,-2,1.4,Close to average,-0.2,-1.2,0.9,Close to average,-1.5,-3.1,0.1,138916;139201;141098
TR00301,2442,Multi-academy trust,Brighter Futures Academy Trust,Lancashire and West Yorkshire,3,71,15.1,40.8,2.8,4.2,3,2,1,0,0,0,0,0,3,Close to average,-0.4,-1.9,1.1,Close to average,-2.8,-5.3,-0.3,Significantly below average,-1.8,-3.3,-0.4,Significantly below average,-2.7,-5.1,-0.3,Close to average,-0.9,-2.3,0.4,Significantly below average,-3.6,-5.8,-1.3,137699;138398;138657
TR00327,2471,Multi-academy trust,The Brooke Weston Trust,North West London and South Central,4,186,15.4,32.8,4.3,19.9,4,3,1,0,0,0,0,2,2,Significantly below average,-1.1,-2,-0.2,Close to average,-1,-2.7,0.7,Close to average,-0.2,-1.1,0.6,Close to average,0.1,-1.5,1.8,Close to average,-0.4,-1.2,0.5,Close to average,-1.1,-2.6,0.5,138672;138761;139466;140120
TR00353,2497,Multi-academy trust,Burnt Mill Academy Trust,East of England and North East London,3,132,15.1,37.9,1.5,22,3,0,3,0,0,0,3,0,0,Significantly above average,4.7,3.6,5.8,Significantly above average,6.1,4.3,8,Significantly above average,3.4,2.3,4.4,Significantly above average,3.2,1.4,5.1,Significantly above average,4,3,5,Significantly above average,3.8,2.1,5.5,139399;140019;140024
TR00367,2516,Multi-academy trust,Cabot Learning Federation,South West,4,215,15.4,42.8,4.2,38.6,4,2,2,0,0,0,0,0,4,Significantly below average,-1.6,-2.5,-0.8,Significantly below average,-2.8,-4.2,-1.4,Significantly below average,-1.2,-2,-0.3,Close to average,-1.3,-2.7,0.1,Significantly below average,-0.9,-1.7,-0.1,Close to average,-1.2,-2.4,0.1,138655;138658;138789;138791
TR00392,2548,Multi-academy trust,Carmel Education Trust,North,4,110,15.9,39.1,0.9,7.3,4,4,0,0,0,0,1,3,0,Significantly above average,1.3,0.1,2.4,Close to average,1.2,-0.8,3.2,Significantly above average,1.4,0.3,2.6,Significantly above average,2,0,3.9,Close to average,0.9,-0.2,1.9,Close to average,0.9,-0.9,2.7,139492;139531;139533;140442
TR01854,4443,Multi-academy trust,CELTIC CROSS EDUCATION,South West,5,89,16,36,0,4.5,5,5,0,0,0,0,0,5,0,Close to average,-0.3,-1.6,1,Close to average,-1.4,-3.8,1,Close to average,-0.9,-2.1,0.4,Close to average,-1.7,-4,0.7,Close to average,-0.4,-1.6,0.8,Close to average,-0.7,-2.9,1.5,139089;139090;139091;139092;139093;140466;140467;140468;140469
TR00427,2594,Multi-academy trust,Central Learning Partnership Trust,West Midlands,3,120,13.1,61.7,0,45.8,3,0,3,0,0,0,0,3,0,Significantly above average,3.1,1.9,4.3,Significantly above average,2.4,0.8,4,Significantly above average,5.1,3.9,6.2,Significantly above average,4.6,3.1,6.2,Significantly above average,3.1,2,4.2,Significantly above average,2.7,1.2,4.1,139199;139223;139225
TR00429,2597,Multi-academy trust,CFBT Schools Trust,East Midlands and Humber,7,277,15.9,39.4,1.4,32.9,7,2,4,1,0,0,1,2,4,Significantly below average,-1,-1.8,-0.3,Close to average,-1.4,-2.6,-0.1,Significantly below average,-1.8,-2.5,-1,Significantly below average,-1.5,-2.8,-0.3,Significantly below average,-1.2,-1.8,-0.5,Significantly below average,-1.7,-2.8,-0.5,137281;138063;138291;138372;138992;139709;140833
TR02599,2681,Multi-academy trust,Christ the King Catholic Collegiate,West Midlands,3,120,16.2,15,0,30.8,3,3,0,0,0,0,3,0,0,Close to average,0.5,-0.6,1.6,Close to average,1,-2.2,4.1,Close to average,0.7,-0.4,1.8,Close to average,0.3,-2.8,3.4,Significantly above average,2.1,1.1,3.1,Close to average,1.6,-1.3,4.5,140803;140804;140805
TR00498,2685,Multi-academy trust,Chulmleigh Academy Trust,South West,3,28,16.8,21.4,3.6,0,3,3,0,0,0,0,0,0,3,Close to average,-0.9,-3.2,1.4,Close to average,-0.4,-6.2,5.5,Significantly below average,-4.3,-6.5,-2,Significantly below average,-6.5,-11.7,-1.3,Significantly below average,-2.4,-4.5,-0.3,Close to average,-3.6,-8.9,1.7,137025;137026;137780
TR00552,2755,Multi-academy trust,Community Academies Trust,West Midlands,3,112,16.8,25,0,2.7,3,1,2,0,0,0,1,2,0,Significantly below average,-2.1,-3.2,-0.9,Close to average,-2,-4.4,0.5,Close to average,-0.7,-1.8,0.4,Close to average,-0.5,-2.9,1.9,Significantly below average,-2.8,-3.8,-1.7,Significantly below average,-4.8,-7,-2.5,138912;138934;140418
TR00580,2788,Multi-academy trust,Corpus Christi Catholic Academy Trust,East Midlands and Humber,5,179,16,25.1,0,27.4,5,5,0,0,0,0,0,0,5,Close to average,0,-0.9,1,Close to average,-2.5,-4.4,-0.5,Close to average,-0.2,-1.1,0.7,Significantly below average,-2.7,-4.7,-0.8,Close to average,0.5,-0.3,1.4,Close to average,-0.9,-2.7,0.9,138080;138081;138090;138115;138185
TR00633,2854,Multi-academy trust,The David Ross Education Trust,National Lead,18,712,15.2,39.6,1.4,17,18,5,13,0,0,0,9,7,2,Significantly below average,-0.4,-0.9,0,Significantly below average,-2,-2.8,-1.2,Close to average,0.4,-0.1,0.9,Significantly below average,-1.2,-1.9,-0.4,Close to average,-0.3,-0.7,0.1,Significantly below average,-1.8,-2.5,-1.1,138160;138423;138749;138840;138857;138917;139061;139570;139805;139968;140018;140060;140184;140190;140191;140414;140829;141279
TR01879,4474,Multi-academy trust,Delta Academies Trust,National Lead,26,914,15.1,47.7,0.9,15,26,11,15,0,0,0,6,7,13,Significantly below average,-1.5,-1.9,-1.1,Significantly below average,-2.2,-2.8,-1.5,Significantly above average,0.5,0.1,0.9,Close to average,-0.1,-0.7,0.6,Close to average,0,-0.4,0.3,Close to average,-0.4,-1,0.1,136326;137141;137455;138007;138008;138083;138279;138332;138401;138520;138535;138673;138866;138890;138975;138997;139046;139420;139921;139922;140068;140086;140169;140333;140625;140716
SP00151,2889,School sponsor,Dilkes Academy Trust (Catalyst Academies Trust),East of England and North East London,3,149,15.4,39.6,4.7,20.1,3,1,2,0,0,0,0,3,0,Significantly above average,2.3,1.3,3.3,Significantly above average,4.3,2.6,6.1,Significantly above average,4.3,3.3,5.2,Significantly above average,5,3.3,6.8,Significantly above average,2.7,1.8,3.6,Significantly above average,3,1.5,4.6,139104;139382;139576
TR00145,2250,Multi-academy trust,The Bath and Wells Diocesan Academies Trust,South West,9,291,15.7,28.9,0.7,5.2,9,4,5,0,0,0,3,6,0,Close to average,0.6,-0.1,1.4,Close to average,0.6,-0.9,2,Significantly above average,1.4,0.7,2.1,Significantly above average,1.2,-0.2,2.6,Close to average,-0.5,-1.1,0.2,Close to average,-1.6,-2.9,-0.3,139205;139278;139324;139338;139934;140062;140456;141159;141162
SP00049,2891,School sponsor,Birmingham Diocesian Academies Trust,West Midlands,7,197,15.7,66,1.5,44.2,7,0,7,0,0,0,0,7,0,Significantly below average,-2.7,-3.6,-1.8,Significantly below average,-3.1,-4.3,-1.9,Significantly below average,-1.3,-2.1,-0.4,Significantly below average,-1.4,-2.6,-0.3,Significantly below average,-1.1,-1.9,-0.3,Significantly below average,-1.9,-3,-0.8,138432;138433;138883;139126;139127;139267;139269
TR00659,2894,Multi-academy trust,Diocese of Bristol Academies Trust,South West,4,151,14.8,55,2,43,4,2,2,0,0,0,3,0,1,Close to average,-0.6,-1.6,0.4,Close to average,-1.6,-3.1,-0.2,Close to average,0.3,-0.7,1.3,Close to average,0.1,-1.3,1.6,Significantly below average,-1.4,-2.3,-0.5,Significantly below average,-2.2,-3.6,-0.9,138794;140454;141110;141274
SP00155,2896,School sponsor,Diocese of Canterbury (Aquila),South East and South London,3,156,16.1,34,0.6,10.3,3,0,3,0,0,0,2,1,0,Significantly below average,-2.2,-3.2,-1.2,Close to average,-1.1,-2.9,0.7,Close to average,0.2,-0.7,1.2,Close to average,0.6,-1.2,2.4,Significantly below average,-2,-2.9,-1.1,Significantly below average,-2.4,-4,-0.7,138592;139255;139822
TR00660,2901,Multi-academy trust,The Diocese of Coventry Multi-academy Trust,West Midlands,8,331,16.1,32.6,2.1,16.9,8,2,6,0,0,0,5,3,0,Close to average,-0.6,-1.2,0.1,Close to average,-1.6,-2.9,-0.3,Close to average,-0.2,-0.9,0.4,Close to average,0.3,-1,1.5,Significantly below average,-1,-1.6,-0.3,Close to average,-1.1,-2.3,0,139383;139384;139680;140419;140694;140878;141000;141298
TR00661,2905,Multi-academy trust,The Diocese of Ely Multi-academy Trust,East of England and North East London,6,126,15.9,26.2,3.2,11.1,6,4,2,0,0,0,5,1,0,Close to average,0.2,-0.9,1.3,Close to average,-2.2,-4.5,0.1,Close to average,0.7,-0.3,1.8,Close to average,-1.8,-4.1,0.5,Close to average,-0.5,-1.5,0.4,Close to average,-2.2,-4.3,-0.1,139844;140031;140681;140712;140870;140914
TR02030,4656,Multi-academy trust,St Christopher's C of E (Primary) Multi Academy Trust,South West,3,80,15.9,31.3,5,7.5,3,2,1,0,0,0,2,1,0,Close to average,0.5,-0.9,1.9,Close to average,1.5,-1.1,4.2,Close to average,0.9,-0.5,2.2,Close to average,0.6,-2,3.1,Close to average,-1.2,-2.4,0.1,Close to average,-1.7,-4.1,0.8,139954;140629;140644
TR00662,2907,Multi-academy trust,The Diocese of Gloucester Academies Trust,South West,3,104,15.6,17.3,1,3.8,3,1,2,0,0,0,2,1,0,Close to average,1,-0.2,2.2,Significantly above average,3.3,0.1,6.6,Close to average,-0.4,-1.6,0.8,Close to average,0.2,-2.9,3.3,Significantly below average,-1.7,-2.8,-0.6,Close to average,0,-2.9,3,139337;139643;140797
TR00948,3294,Multi-academy trust,The Hallam Schools' Partnership Academy Trust,East Midlands and Humber,3,100,15,33,2,11,3,0,3,0,0,0,3,0,0,Significantly below average,-1.9,-3.2,-0.7,Close to average,-2,-4.3,0.3,Significantly above average,1.3,0.1,2.5,Close to average,0.9,-1.3,3.2,Significantly below average,-2,-3.1,-0.9,Close to average,-2.1,-4.2,0,140025;140340;140826
TR01301,3722,Multi-academy trust,Diocese Of Leicester Academies Trust,East Midlands and Humber,5,119,15.4,40.3,0.8,4.2,5,3,2,0,0,0,3,2,0,Significantly below average,-2.4,-3.6,-1.3,Significantly below average,-3.7,-5.6,-1.8,Significantly below average,-2,-3.1,-0.9,Significantly below average,-3.1,-5,-1.3,Significantly below average,-1.1,-2.1,-0.1,Significantly below average,-2.7,-4.4,-0.9,139200;139349;140317;140850;140909
TR02027,4652,Multi-academy trust,St Chad's Academies Trust,West Midlands,3,90,15.1,35.6,1.1,18.9,3,0,3,0,0,0,2,1,0,Close to average,-0.4,-1.7,0.9,Close to average,-1.7,-4.1,0.8,Significantly above average,1.5,0.3,2.8,Close to average,1.1,-1.3,3.5,Significantly above average,1.7,0.5,2.9,Close to average,0.8,-1.5,3,139435;140299;140858
TR01318,3746,Multi-academy trust,Lincoln Anglican Academy Trust,East Midlands and Humber,4,70,16.2,54.3,1.4,2.9,4,0,4,0,0,0,4,0,0,Significantly below average,-2.7,-4.1,-1.2,Significantly below average,-2.9,-5,-0.8,Significantly below average,-1.4,-2.8,0,Close to average,-1.9,-4,0.1,Significantly below average,-2.3,-3.7,-1,Significantly below average,-2.5,-4.4,-0.5,140185;140343;140988;140991
SP00172,2914,School sponsor,Diocese of London,North West London and South Central,5,165,15.2,45.5,4.2,48.5,5,3,2,0,0,0,0,4,1,Close to average,0,-1,1,Close to average,-0.6,-2.2,0.9,Significantly above average,2,1.1,3,Significantly above average,1.4,0,2.9,Close to average,0.2,-0.7,1.1,Close to average,0.2,-1.2,1.7,134314;139169;139175;139177;139240
TR00663,2918,Multi-academy trust,The Diocese of Norwich Education and Academies Trust,East of England and North East London,5,145,15.7,34.5,1.4,14.5,5,2,3,0,0,0,5,0,0,Significantly below average,-1.7,-2.8,-0.7,Close to average,-2,-3.9,-0.2,Close to average,-0.4,-1.4,0.6,Close to average,1.5,-0.3,3.4,Significantly below average,-2.4,-3.3,-1.5,Close to average,-2,-3.7,-0.2,140189;140545;141050;141172;141314
SP00179,2919,School sponsor,Diocese of Oxford,North West London and South Central,4,155,16.1,28.4,1.3,25.8,4,2,2,0,0,0,4,0,0,Significantly below average,-1.8,-2.8,-0.9,Significantly below average,-3.4,-5.4,-1.4,Significantly below average,-1.8,-2.8,-0.9,Significantly below average,-2.2,-4.2,-0.3,Significantly below average,-2.5,-3.3,-1.6,Significantly below average,-3.5,-5.4,-1.7,140344;140473;140474;140556
TR02653,4192,Multi-academy trust,Peterborough Diocese Education Trust,North West London and South Central,4,83,16.6,24.1,0,13.3,4,3,1,0,0,0,4,0,0,Close to average,0.1,-1.3,1.4,Close to average,1.5,-1.4,4.4,Close to average,0.1,-1.2,1.4,Close to average,-0.9,-3.7,2,Close to average,0.3,-0.9,1.6,Close to average,0.3,-2.4,2.9,140820;141044;141048;141068
TR00664,2922,Multi-academy trust,Diocese of Salisbury Multi Academy Trust,South West,5,156,15.4,37.2,1.3,3.8,5,1,4,0,0,0,5,0,0,Close to average,0,-1,0.9,Close to average,-0.3,-2,1.4,Close to average,0,-1,0.9,Close to average,-0.2,-1.9,1.5,Significantly below average,-1.2,-2.1,-0.3,Close to average,-0.9,-2.5,0.7,140351;140352;140560;140561;141142
TR00667,2932,Multi-academy trust,Discovery Schools Academies Trust Ltd,East Midlands and Humber,5,265,16.2,35.1,2.6,4.5,5,3,2,0,0,0,2,1,2,Significantly below average,-1.9,-2.7,-1.1,Significantly below average,-4.5,-5.9,-3.1,Close to average,-0.5,-1.2,0.2,Significantly below average,-2.5,-3.8,-1.1,Significantly below average,-1.3,-2,-0.6,Significantly below average,-3.6,-4.8,-2.3,138348;138358;140101;140851;141137
TR00699,2974,Multi-academy trust,E-ACT,National Lead,12,465,15,61.7,0.6,35.1,12,1,11,0,0,0,0,4,8,Significantly below average,-0.8,-1.4,-0.2,Close to average,-1.3,-2.1,-0.5,Significantly above average,1.7,1.1,2.2,Significantly above average,1.3,0.5,2.1,Close to average,-0.2,-0.7,0.4,Close to average,-0.5,-1.2,0.2,137068;137689;137700;138073;138396;138452;138583;138709;138998;139014;139679;139932
TR00725,3012,Multi-academy trust,Education Central Multi Academy Trust,West Midlands,9,379,15.4,58.8,1.6,18.2,9,6,3,0,0,0,3,6,0,Significantly below average,-0.6,-1.3,0,Close to average,-1,-1.9,-0.1,Close to average,-0.5,-1.1,0.1,Close to average,-1,-1.9,-0.1,Close to average,-0.3,-0.9,0.2,Close to average,-0.6,-1.4,0.2,139002;139011;139484;139610;139637;139860;140889;140890;141278
TR01237,3643,Multi-academy trust,Education South West,South West,4,74,16.1,33.8,2.7,0,4,3,1,0,0,0,4,0,0,Close to average,0.5,-1,1.9,Close to average,-0.3,-3,2.3,Close to average,-0.1,-1.5,1.3,Close to average,-2.2,-4.7,0.4,Close to average,0.5,-0.8,1.8,Close to average,-1.3,-3.7,1.1,136200;141284;141286;141287
TR00741,3033,Multi-academy trust,EMLC Academy Trust,North West London and South Central,4,210,14.9,36.7,1,46.7,4,0,4,0,0,0,3,0,1,Close to average,-0.1,-1,0.8,Close to average,-0.2,-1.7,1.4,Significantly above average,1.7,0.9,2.6,Significantly above average,1.9,0.4,3.4,Close to average,0.8,0,1.6,Close to average,0.5,-1,1.9,138605;140362;140370;140628
TR02377,5196,Multi-academy trust,Enhance Academy Trust,Lancashire and West Yorkshire,4,160,13.8,54.4,1.3,22.5,4,0,4,0,0,0,0,4,0,Significantly below average,-2.2,-3.2,-1.2,Significantly below average,-3,-4.4,-1.6,Significantly above average,1.7,0.7,2.6,Significantly above average,1.3,-0.1,2.8,Significantly below average,-1,-1.9,-0.1,Significantly below average,-1.9,-3.2,-0.6,138979;139279;139280;139573
TR00745,3042,Multi-academy trust,The Enquire Learning Trust,North,9,356,15.1,46.6,0.8,3.7,9,6,3,0,0,0,7,2,0,Significantly below average,-0.7,-1.4,-0.1,Close to average,-1,-2,0,Significantly above average,2.5,1.9,3.1,Significantly above average,2.4,1.4,3.4,Close to average,-0.2,-0.8,0.4,Close to average,-0.8,-1.8,0.1,137996;139392;139981;140581;140801;140847;140849;141289;141301
TR00773,3083,Multi-academy trust,Faringdon Academy of Schools,North West London and South Central,6,161,16.6,23,1.2,6.2,6,6,0,0,0,0,5,0,1,Close to average,-0.2,-1.2,0.8,Close to average,-0.7,-2.8,1.4,Close to average,0.7,-0.2,1.7,Close to average,0,-2.1,2.1,Close to average,0.6,-0.3,1.5,Close to average,0.9,-1,2.9,138009;140278;140283;140293;140301;140307
TR00793,3104,Multi-academy trust,The First Federation Trust,South West,6,108,15.7,10.2,2.8,0.9,6,6,0,0,0,0,0,0,6,Significantly above average,3.5,2.3,4.7,Close to average,2.9,-1.2,7,Significantly above average,2.4,1.3,3.5,Close to average,-0.5,-4.3,3.4,Significantly above average,2.2,1.1,3.2,Close to average,1.1,-2.6,4.9,137642;137662;137664;137665;137666;138631
TR00801,3112,Multi-academy trust,Focus Academy Trust (UK) Ltd,Lancashire and West Yorkshire,8,350,14.9,39.7,1.1,49.1,8,6,2,0,0,0,2,6,0,Significantly below average,-0.8,-1.5,-0.2,Close to average,-0.9,-2,0.2,Close to average,0,-0.6,0.6,Close to average,-0.6,-1.7,0.5,Significantly above average,1,0.4,1.6,Significantly above average,0.6,-0.4,1.7,139356;139357;139358;139379;139704;140100;140234;140738
TR01290,3705,Multi-academy trust,LDBS Frays Academy Trust,North West London and South Central,3,154,15.4,43.5,3.2,39,3,2,1,0,0,0,0,3,0,Significantly above average,1.2,0.2,2.3,Significantly above average,2.1,0.5,3.7,Significantly above average,3.2,2.2,4.2,Significantly above average,2.9,1.4,4.5,Significantly above average,1.6,0.6,2.5,Close to average,0.5,-1,1.9,139275;139302;139306
TR00842,3163,Multi-academy trust,Gateway Learning Community,East of England and North East London,3,231,15.2,54.5,3.9,19.9,3,1,1,1,0,0,0,1,2,Significantly below average,-3.3,-4.1,-2.5,Significantly below average,-4.1,-5.2,-2.9,Close to average,0,-0.8,0.8,Close to average,-1.2,-2.3,0,Significantly below average,-1,-1.7,-0.2,Significantly below average,-1.9,-3,-0.8,138048;138334;138962
TR00860,3190,Multi-academy trust,GLF Schools,South East and South London,6,296,16.7,27.4,1.7,9.5,6,1,5,0,0,0,3,2,1,Significantly below average,-2.5,-3.2,-1.8,Significantly below average,-2.7,-4.2,-1.2,Significantly below average,-0.9,-1.6,-0.2,Close to average,0.2,-1.3,1.6,Significantly below average,-2.5,-3.1,-1.8,Significantly below average,-3,-4.3,-1.7,138764;139915;139916;140349;140350;140880
TR00227,3188,Multi-academy trust,Gloucestershire Learning Alliance,South West,3,160,14.7,33.8,3.1,8.8,3,3,0,0,0,0,0,0,3,Significantly above average,2.3,1.3,3.2,Significantly above average,2.9,1.2,4.7,Close to average,0.7,-0.2,1.7,Close to average,0.3,-1.4,2.1,Significantly above average,2.1,1.2,2.9,Significantly above average,2.4,0.8,4,137194;137255;137271
TR00914,3252,Multi-academy trust,Greenwood Academies Trust,East Midlands and Humber,14,700,14.8,45.9,0.9,27.7,14,0,14,0,0,0,4,5,5,Significantly below average,-1.1,-1.6,-0.6,Significantly below average,-1.6,-2.3,-0.8,Close to average,-0.3,-0.8,0.2,Close to average,-0.9,-1.6,-0.1,Close to average,-0.1,-0.6,0.3,Close to average,-0.6,-1.3,0,135881;138442;138444;138445;138553;138570;139112;139113;139325;139941;140043;140327;140377;141124
SP00251,3278,School sponsor,The Haberdashers' Livery Company,South East and South London,3,189,16.1,49.7,1.6,27.5,3,0,3,0,0,0,0,0,3,Significantly below average,-3.4,-4.3,-2.5,Significantly below average,-4.6,-6,-3.2,Close to average,-0.2,-1.1,0.6,Close to average,0,-1.3,1.3,Significantly below average,-1.6,-2.5,-0.8,Significantly below average,-2.3,-3.5,-1,135070;135073;135951
SP00257,3319,School sponsor,Harris Federation,National Lead,11,642,15.5,42.8,1.2,46,11,2,9,0,0,0,1,6,4,Significantly above average,2.2,1.7,2.7,Significantly above average,2.2,1.4,3,Significantly above average,3,2.5,3.5,Significantly above average,3.4,2.6,4.2,Significantly above average,3.5,3.1,4,Significantly above average,3.9,3.2,4.7,137413;138349;138446;138447;139640;139678;139703;139905;139965;139966;141143
TR01014,3371,Multi-academy trust,Heartwood Church of England Academy Trust,West Midlands,4,56,16.6,19.6,0,0,4,4,0,0,0,0,0,4,0,Close to average,-0.3,-1.9,1.4,Close to average,0.8,-3.3,4.9,Significantly below average,-2,-3.6,-0.4,Close to average,0.2,-3.9,4.2,Close to average,-0.6,-2.1,0.9,Close to average,0.8,-3,4.5,140125;140139;140152;140153
TR01035,3396,Multi-academy trust,The Herefordshire Marches Federation of Academies,West Midlands,3,94,14.5,19.1,1.1,14.9,3,3,0,0,0,0,0,0,3,Significantly above average,2,0.7,3.3,Close to average,0.1,-2.9,3.2,Significantly above average,3.9,2.7,5.2,Significantly above average,4.9,1.9,7.9,Close to average,0.8,-0.4,1.9,Close to average,0.5,-2.3,3.3,136759;136761;136765
TR01126,3502,Multi-academy trust,Hull Collaborative Academy Trust,East Midlands and Humber,5,220,15.4,41.4,1.8,16.8,5,4,1,0,0,0,0,5,0,Significantly above average,2.5,1.6,3.3,Significantly above average,2.1,0.7,3.5,Significantly above average,3.2,2.4,4,Significantly above average,2.4,1.1,3.8,Significantly above average,2.7,2,3.5,Significantly above average,2.4,1.1,3.6,139799;139838;139848;139850;139886
TR02684,3527,Multi-academy trust,Innovate Multi Academy Trust,North West London and South Central,4,163,16.8,15.3,2.5,1.2,4,4,0,0,0,0,4,0,0,Significantly below average,-1.7,-2.7,-0.8,Close to average,-3,-5.6,-0.4,Significantly below average,-3.1,-4,-2.2,Significantly below average,-4.3,-6.9,-1.7,Significantly below average,-2.3,-3.1,-1.4,Significantly below average,-4.4,-6.8,-2.1,
TR01174,3566,Multi-academy trust,John Paul II Multi-academy,West Midlands,3,91,17.7,12.1,0,3.3,3,3,0,0,0,0,1,1,1,Significantly above average,2.3,1,3.6,Close to average,2,-1.9,5.9,Close to average,-0.2,-1.4,1.1,Close to average,-0.5,-4.4,3.3,Significantly above average,2.5,1.4,3.7,Close to average,1,-2.6,4.6,140525;140528;140529
TR01192,3586,Multi-academy trust,The Kemnal Academies Trust,South East and South London,25,1236,14.7,47.6,1.8,20.1,25,6,19,0,0,0,2,8,15,Close to average,0,-0.4,0.3,Close to average,-0.6,-1.1,0,Significantly above average,0.7,0.4,1.1,Close to average,0.2,-0.3,0.8,Close to average,-0.1,-0.4,0.2,Close to average,-0.7,-1.2,-0.2,136599;137136;137529;138001;138049;138050;138071;138402;138434;138436;138438;138453;138618;138645;138648;138972;138994;139021;139070;139273;139639;139683;139958;140411;141199
TR01197,3594,Multi-academy trust,Kent Catholic Schools' Partnership,South East and South London,8,245,16.7,24.5,1.2,14.7,8,7,1,0,0,0,8,0,0,Close to average,0.2,-0.6,1,Close to average,-0.9,-2.5,0.8,Close to average,-0.2,-1,0.6,Close to average,-1.1,-2.7,0.6,Close to average,-0.6,-1.3,0.1,Close to average,-1.7,-3.3,-0.2,140520;140641;140873;140980;141065;141067;141156;141157
TR01202,3603,Multi-academy trust,KESKOWETHYANS Multi Academy Trust,South West,4,31,15.4,9.7,0,0,4,4,0,0,0,0,4,0,0,Close to average,1.2,-1,3.4,Close to average,4.4,-3.1,11.9,Close to average,-1.1,-3.3,1,Close to average,-1.2,-8.6,6.2,Close to average,1.6,-0.4,3.6,Close to average,3.5,-3.4,10.3,140632;140635;140642;140643
TR01262,3670,Multi-academy trust,L.E.A.D. Multi-Academy Trust,East Midlands and Humber,9,332,15.1,51.5,0.3,31,9,6,3,0,0,0,2,7,0,Close to average,-0.6,-1.3,0.1,Close to average,0,-1.1,1,Significantly above average,1.4,0.7,2.1,Significantly above average,1.6,0.5,2.6,Significantly above average,1.1,0.4,1.7,Significantly above average,1.7,0.8,2.7,137443;137525;137526;137550;137786;138999;139232;140303;140544
TR01268,3677,Multi-academy trust,The Laidlaw Schools Trust,North,3,129,14.8,62,0,42.6,3,2,1,0,0,0,1,0,2,Significantly below average,-1.9,-3.1,-0.7,Close to average,-1.7,-3.3,-0.2,Close to average,-0.3,-1.4,0.9,Close to average,-0.2,-1.8,1.3,Significantly below average,-1.9,-3,-0.8,Significantly below average,-2.3,-3.7,-0.9,135423;138212;140788
TR01316,3743,Multi-academy trust,The Lilac Sky Schools Trust,South East and South London,4,165,14.6,47.9,3.6,6.7,4,0,4,0,0,0,3,1,0,Significantly below average,-3.7,-4.7,-2.7,Significantly below average,-4,-5.5,-2.5,Significantly below average,-6.8,-7.8,-5.9,Significantly below average,-7,-8.5,-5.5,Significantly below average,-6.2,-7.1,-5.3,Significantly below average,-6.8,-8.2,-5.4,140338;141099;141122;141190
SP00695,3757,School sponsor,Lion Academy Trust,East of England and North East London,3,264,15,33.3,1.5,79.5,3,1,2,0,0,0,1,1,1,Significantly above average,2.2,1.5,3,Significantly above average,2.3,0.9,3.7,Significantly above average,3,2.3,3.8,Significantly above average,3,1.6,4.4,Significantly above average,2,1.3,2.7,Significantly above average,1.6,0.3,2.9,138690;139724;140405
TR01453,3931,Multi-academy trust,Montsaye Community Learning Partnership,North West London and South Central,5,222,16.2,34.2,2.3,3.2,5,5,0,0,0,0,0,5,0,Significantly below average,-1.1,-1.9,-0.3,Close to average,-1.6,-3.1,-0.1,Close to average,0.4,-0.4,1.3,Close to average,-0.4,-2,1.1,Significantly below average,-0.9,-1.6,-0.1,Close to average,-1.6,-3,-0.2,140054;140059;140073;140074;140094
TR01167,3952,Multi-academy trust,Mowbray Education Trust Limited,East Midlands and Humber,3,98,16.2,16.3,0,1,3,3,0,0,0,0,3,0,0,Close to average,0,-1.2,1.2,Close to average,-0.9,-4.2,2.5,Significantly above average,2.5,1.3,3.7,Close to average,2.5,-0.7,5.7,Significantly above average,1.5,0.3,2.6,Close to average,0.6,-2.5,3.7,140696;140702;140754
TR01499,3991,Multi-academy trust,The Newman Catholic Collegiate,West Midlands,8,209,16.3,28.2,1.9,23,8,8,0,0,0,0,0,8,0,Close to average,-0.1,-1,0.7,Close to average,0.4,-1.3,2.1,Close to average,0.3,-0.5,1.1,Close to average,0.8,-0.9,2.5,Close to average,0.2,-0.6,0.9,Close to average,-0.3,-1.9,1.2,140114;140129;140141;140145;140146;140148;140150;140151
TR01509,4004,Multi-academy trust,Ninestiles Academy Trust Limited,West Midlands,4,210,15.5,63.8,0,48.6,4,2,2,0,0,0,0,3,1,Significantly below average,-4.5,-5.4,-3.7,Significantly below average,-4.1,-5.3,-3,Significantly below average,-4.5,-5.3,-3.6,Significantly below average,-4.5,-5.6,-3.4,Significantly below average,-4.5,-5.2,-3.7,Significantly below average,-4.9,-5.9,-3.8,138194;139183;139378;139631
TR01053,4014,Multi-academy trust,North Carr Collaborative Academy Trust,East Midlands and Humber,3,135,15.6,55.6,1.5,4.4,3,2,1,0,0,0,1,2,0,Significantly above average,2.4,1.4,3.5,Significantly above average,3.2,1.7,4.7,Close to average,0.4,-0.6,1.4,Close to average,0.5,-1,2,Significantly above average,1.4,0.5,2.4,Significantly above average,2.1,0.8,3.5,139511;139512;140275
TR01523,4031,Multi-academy trust,Northampton Primary Academy Trust,North West London and South Central,4,236,15.3,36.9,3,24.2,4,4,0,0,0,0,0,4,0,Significantly below average,-1.4,-2.2,-0.6,Significantly below average,-2.1,-3.6,-0.7,Significantly above average,1.3,0.5,2,Significantly above average,1.3,-0.1,2.8,Significantly below average,-1.7,-2.4,-1,Significantly below average,-2.3,-3.7,-1,138952;138953;138954;138955
TR01527,4036,Multi-academy trust,Northern Education Trust,North,10,453,14,61.6,1.5,31.3,10,2,8,0,0,0,3,5,2,Close to average,-0.1,-0.7,0.5,Close to average,-0.2,-0.9,0.6,Significantly above average,1.2,0.7,1.8,Significantly above average,1.2,0.4,2,Significantly above average,1.2,0.6,1.7,Significantly above average,0.8,0.1,1.5,138399;138675;138995;139229;139270;139959;140072;140172;140519;141189
SP00178,4056,School sponsor,Nottingham Roman Catholic Diocesan Education Service (NRCDES),East Midlands and Humber,8,261,15.7,33,3.1,28,8,5,3,0,0,0,0,2,6,Significantly above average,1.1,0.3,1.9,Close to average,0.4,-1,1.8,Significantly above average,1.7,0.9,2.4,Close to average,1,-0.4,2.4,Significantly above average,0.9,0.2,1.6,Close to average,0.4,-0.9,1.7,138014;138015;138016;138017;138508;138514;138827;139009
TR01553,4076,Multi-academy trust,Oasis Community Learning,National Lead,27,1098,14.9,61.7,1.2,29.4,27,5,22,0,0,0,7,11,9,Close to average,-0.3,-0.7,0.1,Close to average,-0.4,-0.9,0.2,Significantly above average,1,0.6,1.4,Significantly above average,0.7,0.2,1.2,Significantly above average,0.9,0.6,1.3,Significantly above average,0.7,0.3,1.2,135958;135968;137430;137479;138237;138278;138409;138687;138710;139024;139025;139056;139125;139128;139129;139214;139242;139281;140022;140040;140041;140052;140161;140218;140219;140409;140674
SP00560,4105,School sponsor,Ormiston Academies Trust,National Lead,3,125,14.9,45.6,4,8.8,3,1,2,0,0,0,2,1,0,Significantly above average,4.3,3.2,5.4,Significantly above average,3.5,1.7,5.2,Significantly above average,3.2,2.1,4.2,Significantly above average,2.5,0.8,4.2,Significantly above average,2.8,1.8,3.8,Significantly above average,2.4,0.8,4,138846;140016;140374
TR01585,4119,Multi-academy trust,Outwood Grange Academies Trust,National Lead,3,130,16.1,20.8,0.8,3.8,3,2,1,0,0,0,0,3,0,Significantly above average,1.6,0.5,2.6,Close to average,1.1,-1.5,3.6,Significantly above average,6.2,5.1,7.2,Significantly above average,6.1,3.6,8.6,Significantly above average,3.1,2.1,4.1,Close to average,1.8,-0.5,4.1,139080;139108;140085
TR01592,4127,Multi-academy trust,The Painsley Catholic Academy,West Midlands,5,130,16.7,12.3,0.8,6.2,5,5,0,0,0,0,0,0,5,Significantly above average,1.4,0.3,2.4,Close to average,0.9,-2.3,4.2,Significantly above average,1.7,0.7,2.7,Close to average,0.8,-2.4,4,Significantly above average,1.5,0.5,2.5,Close to average,1.3,-1.7,4.2,138723;138724;138725;138726;138727
TR00763,4131,Multi-academy trust,Paradigm Trust,East of England and North East London,3,163,16.7,66.3,4.9,74.8,3,2,0,1,0,0,1,2,0,Close to average,-0.9,-1.9,0.1,Close to average,-1.4,-2.7,-0.2,Significantly above average,1.6,0.7,2.6,Significantly above average,1.4,0.1,2.6,Significantly above average,2.7,1.8,3.6,Significantly above average,2.1,0.9,3.3,138276;140064;140096
TR01619,4161,Multi-academy trust,Pax Christi Catholic Academy Trust,East Midlands and Humber,3,97,16,13.4,1,27.8,3,3,0,0,0,0,0,3,0,Close to average,-0.2,-1.4,1.1,Close to average,1.3,-2.3,4.9,Close to average,-0.5,-1.7,0.7,Close to average,1,-2.6,4.5,Close to average,0,-1.1,1.1,Close to average,2.5,-0.8,5.8,138812;138813;138814
TR01645,4197,Multi-academy trust,The Phoenix Family of Schools Academy Trust,East Midlands and Humber,3,64,13.8,29.7,0,39.1,3,2,1,0,0,0,1,2,0,Close to average,-1.3,-2.9,0.3,Close to average,-2.1,-5.6,1.3,Significantly above average,3,1.5,4.5,Significantly above average,3.3,0.1,6.4,Close to average,0.9,-0.6,2.3,Close to average,-0.5,-3.6,2.7,139191;139192;139266
TR01651,4208,Multi-academy trust,PIONEER ACADEMIES COMMUNITY TRUST (PACT),East Midlands and Humber,3,100,15.9,32,1,0,3,3,0,0,0,0,0,3,0,Close to average,-1,-2.2,0.2,Close to average,0,-2.3,2.3,Close to average,-0.4,-1.6,0.8,Close to average,-0.2,-2.5,2.1,Close to average,-0.8,-1.9,0.3,Close to average,-0.7,-2.8,1.4,139083;139084;139085
TR01656,4214,Multi-academy trust,Plymouth CAST,South West,32,826,15.7,27,2.4,10.7,32,29,3,0,0,0,31,1,0,Significantly above average,0.6,0.2,1.1,Close to average,-0.5,-1.4,0.4,Close to average,-0.2,-0.6,0.2,Close to average,-0.9,-1.8,0,Close to average,0.1,-0.3,0.5,Significantly below average,-1.6,-2.4,-0.8,139394;140676;140695;140705;140726;140730;140739;140743;140745;140749;140755;140756;140757;140761;140762;140763;140764;140765;140766;140767;140768;140770;140772;140773;140774;140775;140776;140777;140778;140780;140784;140785
TR01662,4223,Multi-academy trust,Pontefract Academies Trust,Lancashire and West Yorkshire,6,223,15.2,32.7,2.7,3.1,6,4,2,0,0,0,2,4,0,Significantly below average,-2.5,-3.3,-1.7,Significantly below average,-4.5,-6,-3,Significantly below average,-2.4,-3.2,-1.6,Significantly below average,-3.9,-5.4,-2.4,Significantly below average,-1.9,-2.7,-1.2,Significantly below average,-3.4,-4.8,-2,139499;139502;139503;139504;140023;140337
TR01666,4230,Multi-academy trust,Portsmouth and Winchester Diocesan Academies Trust,South East and South London,3,108,15.5,25.9,2.8,4.6,3,1,2,0,0,0,1,1,1,Close to average,1,-0.1,2.2,Significantly above average,2,-0.5,4.4,Significantly above average,1.6,0.5,2.7,Close to average,1.9,-0.6,4.3,Significantly above average,1.4,0.3,2.4,Close to average,0.6,-1.7,2.8,138509;139644;140760
SP00427,4318,School sponsor,REAch2 Academy Trust,National Lead,29,1476,15.3,45.1,2.3,32.1,29,5,24,0,0,0,14,12,3,Significantly below average,-1,-1.3,-0.6,Significantly below average,-1.2,-1.7,-0.7,Close to average,0.2,-0.1,0.5,Close to average,-0.5,-1,0,Significantly below average,-0.3,-0.6,0,Close to average,-0.6,-1.1,-0.2,136413;137441;138389;138914;138915;139016;139094;139259;139380;139396;139397;139406;139653;139674;139685;139806;140000;140167;140198;140402;140489;140490;140611;140687;140794;141047;141113;141119;141194
TR01880,4477,Multi-academy trust,Schoolsworks Academy Trust,South East and South London,4,290,15.4,26.2,1.4,13.1,4,4,0,0,0,0,1,2,1,Significantly above average,0.9,0.1,1.6,Close to average,-0.1,-1.6,1.4,Close to average,-0.1,-0.8,0.6,Close to average,-0.1,-1.6,1.4,Close to average,0.7,0,1.3,Close to average,0.5,-0.9,1.9,137370;137980;139478;140089;141600
TR01894,4495,Multi-academy trust,Sharnbrook Academy Federation,North West London and South Central,3,387,17.3,10.6,1.8,4.9,3,3,0,0,0,0,1,0,2,Significantly below average,-0.8,-1.5,-0.2,Close to average,-2.1,-4.1,0,Significantly below average,-1.4,-2,-0.8,Significantly below average,-3.3,-5.3,-1.3,Significantly below average,-1.9,-2.5,-1.3,Significantly below average,-3.6,-5.4,-1.7,136471;136472;136475
TR01955,4567,Multi-academy trust,South Dartmoor Academy,South West,4,69,16.7,24.6,7.2,1.4,4,4,0,0,0,0,1,0,3,Close to average,0.7,-0.9,2.2,Close to average,0.4,-2.8,3.7,Significantly below average,-1.5,-3,-0.1,Close to average,-1.1,-4.3,2.1,Close to average,-0.8,-2.2,0.5,Close to average,-0.5,-3.4,2.5,136562;136563;136919;141285
TR02448,4569,Multi-academy trust,South East Essex Academy Trust,East of England and North East London,3,150,15.2,34,1.3,8.7,3,1,2,0,0,0,3,0,0,Significantly above average,1.2,0.2,2.2,Close to average,0.4,-1.5,2.2,Significantly above average,1.7,0.7,2.7,Close to average,1.4,-0.4,3.2,Significantly above average,2.5,1.6,3.4,Significantly above average,1.7,0,3.4,140672;140747;141170
TR01960,4579,Multi-academy trust,South Northamptonshire Church of England Multi Academy Trust,North West London and South Central,3,46,16.6,8.7,2.2,6.5,3,3,0,0,0,0,0,3,0,Significantly below average,-2.2,-4.1,-0.4,Close to average,-2.5,-9,4,Close to average,-0.3,-2.1,1.5,Close to average,-2,-8.4,4.5,Close to average,0,-1.6,1.7,Close to average,-3.7,-9.6,2.3,140058;140065;140102
TR01961,4580,Multi-academy trust,South Northamptonshire Village Schools Multi Academy Trust,North West London and South Central,3,83,16,9.6,2.4,1.2,3,3,0,0,0,0,0,3,0,Close to average,1,-0.3,2.4,Close to average,-1,-5.9,3.9,Significantly below average,-1.5,-2.8,-0.2,Close to average,-0.4,-4.9,4.2,Close to average,-0.5,-1.7,0.7,Close to average,-2.3,-6.8,2.2,139847;139857;139866
TR01962,4581,Multi-academy trust,South Nottingham Catholic Academy Trust,East Midlands and Humber,4,159,16.8,26.4,0,28.9,4,4,0,0,0,0,0,1,3,Significantly above average,1.4,0.4,2.4,Close to average,-1.4,-3.5,0.7,Close to average,0.4,-0.6,1.3,Close to average,-1.1,-3.1,1,Significantly above average,1.1,0.2,2,Close to average,-1.2,-3.1,0.8,137425;137428;137439;139490
SP00693,3843,School sponsor,Spiral Partnership Trust,North West London and South Central,3,178,16.7,24.7,2.8,19.7,3,2,1,0,0,0,0,2,1,Close to average,-0.3,-1.2,0.7,Close to average,-2.3,-4.3,-0.2,Close to average,-0.7,-1.6,0.2,Significantly below average,-2.3,-4.3,-0.3,Significantly below average,-2.7,-3.6,-1.9,Significantly below average,-4.5,-6.4,-2.7,138205;139159;139550
TR02163,4806,Multi-academy trust,St Barnabas Catholic Academy Trust,East Midlands and Humber,3,122,16.4,28.7,0,32,3,3,0,0,0,0,0,0,3,Significantly above average,2.9,1.8,3.9,Significantly above average,2.8,0.6,5,Significantly above average,1.8,0.7,2.8,Close to average,0.2,-2,2.4,Significantly above average,4.6,3.6,5.6,Significantly above average,3.3,1.2,5.3,138338;138339;138340
TR02034,4662,Multi-academy trust,OSBORNE CO-OPERATIVE ACADEMY TRUST,East of England and North East London,3,212,15,39.6,2.8,20.3,3,1,2,0,0,0,0,1,2,Close to average,0.3,-0.6,1.2,Close to average,-0.4,-1.9,1.1,Close to average,0.4,-0.4,1.3,Close to average,0.1,-1.4,1.5,Close to average,0.7,-0.1,1.5,Close to average,0.5,-0.9,1.8,138065;138581;139566
TR02662,4668,Multi-academy trust,St Cuthbert's Roman Catholic Academy Trust,East Midlands and Humber,3,119,15.6,26.1,0,24.4,3,2,1,0,0,0,3,0,0,Close to average,0.1,-1.1,1.3,Close to average,-0.2,-2.6,2.3,Close to average,-0.3,-1.5,0.8,Close to average,-1.8,-4.2,0.5,Close to average,0.1,-1,1.1,Close to average,-0.2,-2.5,2,140848;140903;140905
TR02058,4688,Multi-academy trust,St Gilbert of Sempringham Catholic Academy Trust,East Midlands and Humber,5,119,16.3,25.2,0.8,10.9,5,5,0,0,0,0,0,5,0,Significantly below average,-1.5,-2.6,-0.4,Significantly below average,-3.8,-6.1,-1.4,Close to average,-0.3,-1.4,0.8,Close to average,-1.4,-3.7,1,Close to average,-0.2,-1.2,0.9,Close to average,-1.1,-3.3,1,139611;139621;139622;139626;139627
TR02107,4742,Multi-academy trust,St Mary's Academy Trust,East Midlands and Humber,5,135,15,43,4.4,9.6,5,2,3,0,0,0,3,1,1,Close to average,0.6,-0.5,1.6,Close to average,-0.6,-2.3,1.1,Significantly above average,3.4,2.4,4.4,Significantly above average,2.5,0.8,4.2,Close to average,0.9,-0.1,1.9,Close to average,0,-1.5,1.6,138234;139230;140460;140602;141097
TR02150,4791,Multi-academy trust,St Piran's Cross Church of England Multi Academy Trust,South West,4,44,16.2,38.6,0,0,4,4,0,0,0,0,4,0,0,Close to average,-1.5,-3.4,0.3,Close to average,-2.2,-5.5,1,Close to average,0.2,-1.6,2,Close to average,0.8,-2.4,4,Significantly below average,-2,-3.6,-0.3,Close to average,-2.2,-5.2,0.8,140466;140467;140468;140469
TR02612,4776,Multi-academy trust,St. Oswald's Catholic Academy Trust,North,3,70,15.4,55.7,0,0,3,3,0,0,0,0,3,0,0,Significantly above average,1.8,0.3,3.2,Close to average,0.8,-1.3,2.9,Close to average,1.4,-0.1,2.8,Close to average,0.2,-1.8,2.3,Significantly above average,2.4,1.1,3.7,Significantly above average,2.5,0.6,4.4,140750;140769;140779
TR02182,4828,Multi-academy trust,Steel City Schools Partnership,East Midlands and Humber,3,124,13.8,57.3,2.4,5.6,3,1,2,0,0,0,0,3,0,Significantly above average,2.2,1.1,3.3,Significantly above average,2.3,0.7,3.8,Close to average,-0.3,-1.4,0.8,Close to average,-0.3,-1.8,1.2,Close to average,0.6,-0.4,1.6,Significantly above average,1.7,0.3,3.1,139134;139137;139544
TR02187,4836,Multi-academy trust,Step Academy Trust,South East and South London,4,270,15.6,48.9,1.9,30,4,2,2,0,0,0,1,1,2,Close to average,0.3,-0.5,1,Significantly above average,1,-0.2,2.1,Significantly above average,1.1,0.4,1.8,Significantly above average,1.7,0.6,2.8,Significantly above average,1,0.3,1.7,Close to average,0.5,-0.5,1.6,136714;137195;139393;140045
TR02239,4899,Multi-academy trust,Tapton School Academy Trust,East Midlands and Humber,3,182,14.2,64.8,1.6,12.6,3,1,2,0,0,0,1,2,0,Close to average,-0.2,-1.2,0.7,Close to average,-0.4,-1.6,0.8,Significantly above average,1.4,0.5,2.3,Significantly above average,1,-0.2,2.2,Close to average,0.4,-0.4,1.2,Close to average,0.6,-0.5,1.7,139133;139336;140310
TR00048,2112,Multi-academy trust,All Saints Catholic Collegiate,West Midlands,3,97,16.1,38.1,1,17.5,3,3,0,0,0,0,3,0,0,Close to average,0.3,-0.9,1.6,Close to average,-1.1,-3.3,1.1,Significantly below average,-1.7,-2.9,-0.5,Significantly below average,-2.5,-4.6,-0.4,Significantly above average,1.3,0.2,2.4,Close to average,-0.6,-2.6,1.3,140296;140297;140298
TR00089,2166,Multi-academy trust,The Arthur Terry Learning Partnership,West Midlands,4,173,16.1,30.6,2.3,26.6,4,3,1,0,0,0,0,3,1,Close to average,0.2,-0.8,1.2,Close to average,-0.1,-2,1.8,Close to average,0.7,-0.2,1.7,Close to average,0.8,-1.1,2.7,Close to average,0.4,-0.5,1.3,Close to average,-1.5,-3.2,0.2,138590;139452;139465;139520
TR00211,2328,Multi-academy trust,Bishop Cleary Catholic Multi Academy Company,West Midlands,3,72,15.4,38.9,1.4,36.1,3,3,0,0,0,0,0,3,0,Close to average,-0.3,-1.8,1.3,Close to average,-1.4,-3.9,1.2,Close to average,1.4,-0.1,2.9,Close to average,0.2,-2.3,2.8,Close to average,0.2,-1.2,1.5,Close to average,-1.8,-4.2,0.5,139892;139893;139894
TR00235,2354,Multi-academy trust,The Blessed Cyprian Tansi Catholic Academy Trust,East Midlands and Humber,5,113,15.6,22.1,0.9,17.7,5,5,0,0,0,0,0,0,5,Close to average,1,-0.2,2.2,Close to average,1.2,-1.4,3.8,Close to average,-0.1,-1.2,1.1,Close to average,0.1,-2.5,2.7,Close to average,0.2,-0.9,1.2,Close to average,0.5,-1.8,2.9,138294;138295;138296;138297;138299
TR00243,2365,Multi-academy trust,The Blyth Quays Trust,North,3,171,14.8,62,0,3.5,3,3,0,0,0,0,0,3,0,Significantly below average,-1.7,-2.6,-0.7,Close to average,-1.6,-2.8,-0.3,Significantly below average,-2.6,-3.5,-1.7,Significantly below average,-2.8,-4.1,-1.6,Significantly below average,-4.8,-5.6,-4,Significantly below average,-5.2,-6.3,-4,139743;139754;139756
TR00540,2741,Multi-academy trust,The Collaborative Academies Trust,North West London and South Central,8,277,14.8,39.4,0.7,26.4,8,0,8,0,0,0,3,5,0,Close to average,-0.7,-1.5,0.1,Close to average,-1.4,-2.6,-0.1,Close to average,0.4,-0.3,1.2,Close to average,-0.2,-1.4,1.1,Close to average,-0.5,-1.2,0.2,Close to average,-1.5,-2.7,-0.3,138493;138494;139385;139387;139388;140220;140408;141195
TR00567,2777,Multi-academy trust,The Co-operative Academies Trust,Lancashire and West Yorkshire,3,163,13.3,71.2,0,43.6,3,0,3,0,0,0,0,3,0,Close to average,0.2,-0.9,1.2,Close to average,-0.1,-1.3,1.2,Significantly above average,1.4,0.4,2.4,Significantly above average,1.6,0.3,2.8,Significantly above average,2.4,1.5,3.3,Significantly above average,1.7,0.6,2.9,138986;139015;139077
TR00655,2886,Multi-academy trust,The Diamond Learning Partnership Trust,East of England and North East London,3,50,15.5,38,2,12,3,1,2,0,0,0,2,1,0,Close to average,-0.8,-2.6,0.9,Close to average,-1.9,-4.8,1.1,Close to average,-1,-2.7,0.7,Close to average,0,-3,2.9,Close to average,0.7,-0.9,2.3,Close to average,-0.5,-3.3,2.2,139634;140386;140535
TR02264,4955,Multi-academy trust,The Diocese of Chelmsford Vine Schools Trust,East of England and North East London,5,226,16.2,31.9,0.9,0.4,5,1,4,0,0,0,5,0,0,Significantly below average,-0.8,-1.6,0,Close to average,-1.3,-2.8,0.3,Close to average,-0.3,-1.1,0.5,Close to average,-1.6,-3.2,-0.1,Close to average,-0.5,-1.2,0.2,Close to average,-1,-2.4,0.4,140181;140367;140506;140666;140844
TR00665,2928,Multi-academy trust,The Diocese of Westminster Academy Trust,North West London and South Central,5,151,17.2,6.6,0.7,14.6,5,5,0,0,0,0,0,0,5,Significantly above average,1.9,0.9,2.9,Close to average,3.4,-0.7,7.6,Significantly above average,2.3,1.3,3.3,Close to average,2.6,-1.4,6.7,Close to average,0.2,-0.7,1.1,Close to average,0.5,-3.3,4.2,138288;138292;138316;138322;138354
TR00674,2943,Multi-academy trust,The Dominic Barberi Multi Academy Company,West Midlands,6,174,15.9,20.1,4,27,6,6,0,0,0,0,0,6,0,Close to average,0.8,-0.1,1.8,Close to average,0.1,-2.1,2.3,Close to average,-0.5,-1.5,0.4,Close to average,-1.3,-3.5,0.9,Significantly above average,1.3,0.4,2.1,Close to average,-0.2,-2.2,1.9,139477;139480;139527;139529;139530;139532
TR00690,2963,Multi-academy trust,The Duchy Academy Trust,South West,3,67,15.1,31.3,1.5,3,3,3,0,0,0,0,3,0,0,Close to average,1.5,0,3,Significantly above average,2.5,-0.3,5.3,Significantly above average,3.8,2.4,5.3,Significantly above average,5.2,2.4,8,Significantly above average,3,1.7,4.4,Significantly above average,3,0.4,5.6,140576;140577;140582
TR00726,3013,Multi-academy trust,The Education Fellowship Trust,North West London and South Central,8,353,15.1,51.8,2,16.7,8,1,7,0,0,0,0,8,0,Significantly below average,-2.9,-3.5,-2.2,Significantly below average,-3.4,-4.4,-2.5,Significantly below average,-1.3,-1.9,-0.6,Significantly below average,-1.9,-2.9,-1,Significantly below average,-3,-3.6,-2.4,Significantly below average,-3.7,-4.6,-2.8,138886;138887;138984;139386;139424;139551;139552;139757
TR00735,3025,Multi-academy trust,The Elliot Foundation Academies Trust,East of England and North East London,15,761,14.9,50.9,2.4,58.2,15,4,11,0,0,0,4,10,1,Significantly below average,-0.6,-1.1,-0.2,Close to average,-1,-1.7,-0.4,Significantly above average,0.6,0.1,1,Close to average,0.2,-0.4,0.9,Close to average,0.3,-0.1,0.7,Close to average,-0.6,-1.3,0,138420;138425;138888;138889;139305;139439;139565;139633;139817;139875;139930;140173;140634;140671;141055
TR00800,3111,Multi-academy trust,Flying High Trust,East Midlands and Humber,3,148,14.8,31.1,0,3.4,3,2,1,0,0,0,3,0,0,Significantly above average,3.5,2.5,4.5,Significantly above average,3.9,2,5.9,Significantly above average,2.8,1.9,3.8,Significantly above average,3.3,1.4,5.3,Significantly above average,1.9,1,2.8,Significantly above average,2.2,0.4,4,140282;140398;140637
TR00873,3201,Multi-academy trust,The Good Shepherd Trust,South East and South London,5,164,16,25.6,2.4,9.8,5,1,4,0,0,0,4,1,0,Significantly above average,1.9,0.9,2.9,Significantly above average,1.4,-0.6,3.5,Close to average,0.4,-0.6,1.3,Close to average,0.4,-1.6,2.4,Significantly above average,1.7,0.8,2.6,Significantly above average,1.5,-0.4,3.4,139721;139920;140026;140028;141294
SP00250,4972,School sponsor,The Griffin Schools Trust,West Midlands,9,435,15.2,43.4,1.1,18.2,9,0,9,0,0,0,4,4,1,Close to average,0.4,-0.1,1,Close to average,0.1,-0.8,1.1,Close to average,0.4,-0.2,1,Close to average,0.1,-0.8,1.1,Close to average,0.5,0,1.1,Close to average,-0.5,-1.3,0.4,138431;139001;139437;139723;139927;139928;140004;140159;140186
SP01134,4974,School sponsor,The Hamwic Trust,South East and South London,3,156,16.2,38.5,5.1,14.7,3,2,1,0,0,0,0,2,1,Significantly above average,1.4,0.4,2.4,Significantly above average,1.7,0,3.5,Close to average,0.6,-0.4,1.6,Close to average,1.3,-0.5,3,Close to average,0.3,-0.6,1.3,Close to average,0,-1.6,1.6,139632;139747;140263
TR01151,3534,Multi-academy trust,Inspire Multi Academy Trust,North,3,101,15.1,51.5,0,0,3,1,2,0,0,0,0,3,0,Close to average,-0.8,-2,0.4,Close to average,-1.7,-3.5,0.1,Close to average,-1.1,-2.2,0.1,Close to average,-1.9,-3.7,-0.1,Close to average,-0.2,-1.3,0.9,Close to average,-0.7,-2.4,1,139103;139389;139391
TR01596,4134,Multi-academy trust,The Park Federation Academy Trust,North West London and South Central,4,388,15.3,36.9,1.8,73.7,4,1,3,0,0,0,2,1,1,Significantly below average,-0.7,-1.3,-0.1,Close to average,-0.6,-1.7,0.5,Significantly above average,2.4,1.7,3,Significantly above average,2.3,1.2,3.4,Significantly above average,1.7,1.1,2.3,Significantly above average,1.4,0.4,2.4,138621;139333;140335;140857
TR01680,4245,Multi-academy trust,The Primary First Trust,South East and South London,3,166,16.7,21.1,4.2,9.6,3,1,2,0,0,0,3,0,0,Close to average,0.1,-0.9,1,Close to average,1.3,-0.9,3.6,Significantly above average,1.1,0.2,2,Close to average,-0.1,-2.3,2.1,Close to average,0.3,-0.6,1.1,Close to average,0.9,-1.2,2.9,140321;141114;141224
TR02610,5013,Multi-academy trust,The Rainbow Multi Academy Trust,South West,3,94,16.8,36.2,0,2.1,3,3,0,0,0,0,3,0,0,Close to average,-1.1,-2.4,0.2,Close to average,1,-1.2,3.2,Close to average,-0.7,-1.9,0.5,Close to average,0.1,-2.1,2.3,Significantly below average,-2.3,-3.4,-1.2,Close to average,-1.3,-3.4,0.7,140741;140781;140790
TR01987,4609,Multi-academy trust,The Spencer Academies Trust,East Midlands and Humber,5,228,14.9,47.4,0.9,14,5,1,4,0,0,0,3,1,1,Significantly above average,1.3,0.5,2.1,Significantly above average,1.4,0.2,2.7,Significantly above average,1.8,1.1,2.6,Significantly above average,2.3,1.1,3.6,Significantly above average,2,1.3,2.8,Significantly above average,1.9,0.7,3,138443;140071;140548;140550;140613
TR02200,4850,Multi-academy trust,The Stour Academy Trust,South East and South London,3,81,16.7,39.5,2.5,2.5,3,2,1,0,0,0,1,0,2,Significantly below average,-1.9,-3.2,-0.5,Close to average,-0.8,-3.2,1.5,Close to average,-0.1,-1.4,1.2,Close to average,0.1,-2.2,2.4,Close to average,-0.1,-1.3,1.1,Close to average,-0.1,-2.2,2.1,138579;138738;141308
TR02369,5186,Multi-academy trust,The Village Academy,South East and South London,4,94,15.4,33,2.1,4.3,4,2,2,0,0,0,1,1,2,Close to average,0.4,-0.9,1.7,Close to average,-0.8,-3.1,1.6,Close to average,-1.1,-2.3,0.1,Close to average,-0.7,-3,1.6,Significantly below average,-1.7,-2.8,-0.5,Significantly below average,-3.3,-5.5,-1.1,137481;137483;139810;140345
TR02468,5315,Multi-academy trust,The White Horse Federation,South West,7,268,16,27.2,0.7,34.3,7,6,1,0,0,0,3,0,4,Significantly above average,0.9,0.2,1.7,Significantly above average,2.1,0.5,3.6,Significantly above average,0.8,0.1,1.6,Close to average,1.1,-0.4,2.6,Significantly above average,1.6,0.9,2.3,Significantly above average,2.6,1.1,4,138305;138306;138308;138309;140264;140685;141273
TR02491,5348,Multi-academy trust,The Williamson Trust,South East and South London,3,99,15,44.4,10.1,2,3,1,2,0,0,0,0,1,2,Significantly below average,-3.1,-4.3,-1.9,Significantly below average,-4.8,-6.8,-2.7,Significantly below average,-1.6,-2.8,-0.4,Significantly below average,-4,-6,-2,Significantly below average,-3,-4.1,-1.9,Significantly below average,-4.6,-6.5,-2.8,137990;138504;139939
TR02553,5426,Multi-academy trust,The Wythenshawe Catholic Academy Trust,Lancashire and West Yorkshire,3,150,15.2,53.3,0.7,30,3,3,0,0,0,0,1,2,0,Close to average,0,-1,1,Close to average,-0.4,-1.9,1.1,Close to average,0.5,-0.5,1.5,Close to average,0.3,-1.2,1.8,Significantly above average,2.1,1.2,3,Close to average,0.7,-0.6,2.1,139458;139467;140758
TR02331,5125,Multi-academy trust,Tudhoe Learning Trust,North,3,89,14.6,51.7,1.1,0,3,1,2,0,0,0,0,3,0,Close to average,0.8,-0.5,2.1,Significantly above average,1.5,-0.4,3.5,Significantly above average,3.7,2.4,5,Significantly above average,3.6,1.7,5.5,Significantly above average,2,0.8,3.1,Significantly above average,2.6,0.9,4.4,138555;138556;138557
TR02343,5143,Multi-academy trust,United Learning Trust,National Lead,14,708,15.2,52,2.3,25.3,14,3,11,0,0,0,3,6,5,Significantly below average,-1.9,-2.3,-1.4,Significantly below average,-2.1,-2.8,-1.4,Significantly below average,-0.9,-1.3,-0.4,Significantly below average,-1.4,-2.1,-0.7,Significantly below average,-1.2,-1.6,-0.8,Significantly below average,-1.7,-2.3,-1,135296;135364;135966;137910;138413;139065;139404;139585;139712;139742;139768;139824;140400;140661
SP00597,5151,School sponsor,University of Brighton (Hastings Academies Trust),South East and South London,5,239,14.9,52.7,2.1,4.2,5,3,2,0,0,0,5,0,0,Significantly below average,-1.4,-2.2,-0.6,Close to average,-1.6,-2.8,-0.4,Close to average,-0.6,-1.4,0.2,Close to average,-0.8,-2,0.4,Significantly below average,-0.8,-1.6,-0.1,Significantly below average,-1.5,-2.6,-0.5,140179;140493;141261;141262;141263
TR02348,5153,Multi-academy trust,University of Chichester (Multi) Academy Trust,South East and South London,5,151,15.3,46.4,5.3,9.3,5,2,3,0,0,0,4,1,0,Close to average,-0.4,-1.4,0.6,Close to average,-0.1,-1.6,1.5,Significantly below average,-3.2,-4.1,-2.2,Significantly below average,-3.2,-4.7,-1.6,Close to average,-0.8,-1.7,0.2,Close to average,-1.2,-2.7,0.2,139944;140211;140719;141181;141266
TR01677,4243,Multi-academy trust,VENTRUS LIMITED,South West,8,238,15.9,29,2.1,1.7,8,7,1,0,0,0,0,2,6,Close to average,0.8,0,1.6,Close to average,0.6,-1,2.2,Close to average,0.5,-0.3,1.3,Close to average,-0.1,-1.6,1.5,Significantly below average,-0.9,-1.6,-0.1,Close to average,-1.3,-2.7,0.2,137644;137647;137649;137651;137654;137659;139019;140078
TR02367,5183,Multi-academy trust,Victoria Academies Trust,West Midlands,3,178,15.3,52.8,1.7,57.3,3,2,1,0,0,0,2,0,1,Close to average,0.6,-0.3,1.6,Significantly above average,0.8,-0.6,2.1,Significantly above average,2.2,1.3,3.1,Significantly above average,2.4,1,3.8,Significantly above average,1.6,0.8,2.5,Significantly above average,1.7,0.4,2.9,138033;140996;141292
TR02376,5195,Multi-academy trust,Wakefield City Academies Trust,Lancashire and West Yorkshire,5,205,14.7,46.3,2,10.7,5,0,5,0,0,0,4,1,0,Significantly below average,-1.3,-2.2,-0.4,Close to average,-1.5,-2.9,-0.2,Significantly above average,1.8,0.9,2.6,Significantly above average,1.7,0.4,3.1,Significantly below average,-1.3,-2,-0.5,Significantly below average,-2.4,-3.6,-1.2,138077;139568;140003;140825;141145
TR02470,5318,Multi-academy trust,White Woods Primary Academy Trust,East Midlands and Humber,3,91,16.7,39.6,1.1,18.7,3,3,0,0,0,0,0,3,0,Significantly below average,-1.3,-2.5,0,Close to average,-1.1,-3.3,1.1,Significantly above average,1.9,0.7,3.1,Significantly above average,2.6,0.5,4.8,Significantly above average,1.5,0.3,2.6,Significantly above average,3.6,1.6,5.6,140109;140115;140116
TR02510,5370,Multi-academy trust,Wise Academies,North,4,156,15.8,66.7,0.6,6.4,4,2,2,0,0,0,0,1,3,Close to average,-0.3,-1.3,0.7,Close to average,-0.4,-1.7,0.9,Significantly above average,1.3,0.4,2.3,Significantly above average,1.1,-0.2,2.4,Close to average,0.9,0,1.8,Close to average,0.6,-0.6,1.7,136486;136487;138577;138976
TR02526,5396,Multi-academy trust,The Woodland Academy Trust,South East and South London,3,112,15.8,53.6,2.7,17.9,3,2,1,0,0,0,0,0,3,Significantly below average,-2.4,-3.6,-1.2,Significantly below average,-2.7,-4.4,-0.9,Significantly above average,1.4,0.3,2.6,Significantly above average,2.1,0.4,3.9,Significantly below average,-1.5,-2.5,-0.4,Close to average,-1.9,-3.5,-0.3,136932;137380;137417
